book_no,book_title,video,playtime,age,lang,source
1,개미와 베짱이,_dDFoIc_GjA,1분 42초,4~7세,한국어,세이브 더 칠드런
2,개와 고양이,IbLUIoS_sKY,3분 23초,4~7세,한국어,세이브 더 칠드런
3,견우와 직녀,g0k3oR2A54U,2분 17초,4~7세,한국어,세이브 더 칠드런
4,단군 이야기,NuvlfzRy9PU,2분 29초,4~7세,한국어,세이브 더 칠드런
5,선녀와 나무꾼,nvC6t17tOuQ,2분 47초,4~7세,한국어,세이브 더 칠드런
6,소가 된 게으름뱅이,saJ-2-GYwKg,3분 05초,4~7세,한국어,세이브 더 칠드런
7,싸우기 좋아하는 아들들,yUtJxr5Sh_U,2분 28분,4~7세,한국어,세이브 더 칠드런
8,엄마 게와 아기 게,iR7vEOCINT0,1분 42초,4~7세,한국어,세이브 더 칠드런
9,여우와 신 포도,iQZ3Y1MnRXg,1분 38초,4~7세,한국어,세이브 더 칠드런
10,이슬 먹은 나귀,LN7w36rXbIc,1분 49초,4~7세,한국어,세이브 더 칠드런
11,임금님 귀는 당나귀 귀,POhR4hbn9oM,2분 16초,4~7세,한국어,세이브 더 칠드런
12,콩쥐팥쥐,gF7IVUKZEd4,3분 12초,4~7세,한국어,세이브 더 칠드런
13,토끼와 거북이,G5b_az5yeLI,2분 17초,4~7세,한국어,세이브 더 칠드런
14,토끼전,p-ZSmtOViZQ,2분 23초,4~7세,한국어,세이브 더 칠드런
15,해님과 바람,oMyuAj3-FB4,2분 11초,4~7세,한국어,세이브 더 칠드런
16,해와 달이 된 오누이,kHP8KCPO2mU,2분 15초,4~7세,한국어,세이브 더 칠드런
17,호랑이와 곶감,aJcibPgVFhY,2분 11초,4~7세,한국어,세이브 더 칠드런
18,혹부리 영감,gwwR2wM4AX0,2분 52초,4~7세,한국어,세이브 더 칠드런
19,황금알을 낳는 거위,XPN2ll3cDk8,2분 17초,4~7세,한국어,세이브 더 칠드런
20,효녀 심청,YO0WXTSCYMM,2분 34초,4~7세,한국어,세이브 더 칠드런
21,흥부와 놀부,WGcGRmipQX0,2분 48초,4~7세,한국어,세이브 더 칠드런
